"ID","Team","Title","Description","Status","Estimate","Priority","Project ID","Project","Creator","Assignee","Labels","Cycle Number","Cycle Name","Cycle Start","Cycle End","Created","Updated","Started","Triaged","Completed","Canceled","Archived","Due Date","Parent issue","Initiatives","Project Milestone ID","Project Milestone","SLA Status","UUID","Time in status (minutes)","Related to","Blocked by","Duplicate of"
"PARTY-9","舞會購票系統","多處連結與 QR Code 仍指向紀念品系統網域 souvenir.cksc.tw","## 問題

以下位置都寫死 `https://souvenir.cksc.tw`（紀念品系統），購票者會被導到錯的網站：

* `functions/index.js:249`：**QR Code 內容**（驗票用，最嚴重）
* `functions/emailTemplate.js:129`、`functions/paymentNotificationTemplate.js:112`：問卷連結
* `src/pages/OrdersPage.vue:164`、`src/pages/OrderSuccessPage.vue:31`：問卷連結
* `src/pages/AdminLoginPage.vue:110`：在 LINE 內開啟外部瀏覽器的連結

另外 GitHub Pages 部署在 `/Tickets/` 子路徑（`quasar.config.js:25`），Firebase Hosting 部署在根路徑，請確認正式網域用哪一個。

## 修法

* 把網站網域抽成一個常數或環境變數（前端和 functions 各一處）
* 前端內部連結改用 router 或相對路徑","Todo",,"High","ca0a4084-c7e7-4b2c-a3bb-aff8cb5cc722","上線前修正（程式碼審查）","dcdcdc1031@gmail.com",,"Bug",,,,,"2026-09-25T03:14:33.277Z","2026-09-26T15:55:41.813Z",,,,,,,,"",,,,"7d9ea17b-0411-4793-a65b-46aab0d89382",3174,"PARTY-12","",
"PARTY-10","舞會購票系統","下單驗證不足：數量可為負數或小數、校內票與限購可繞過","## 問題

* **數量：** `functions/index.js:119-143` 只檢查同一票種加總後大於 0。送出 `[{qty: 5}, {qty: -3}]` 或 `qty: 0.5` 都會通過，寫進資料庫的品項會是負數或小數
* **校內票資格：** 只看使用者自己選的學校（`functions/index.js:103`），任何人選「建國中學」就能買校內票
* **每人限購：** 以使用者輸入的 email 判斷，換一個 email 就能再買

## 修法

* 每個品項都檢查 `Number.isInteger(q) && q > 0`，並設定單筆上限
* 校內票與限購：如果打算靠現場查驗學生證，請在銷售條款與 README 寫明；否則需要身分驗證（例如限定學校 Google 帳號網域登入）

## 待決定

校內票資格要做到多嚴格？","Todo",,"High","ca0a4084-c7e7-4b2c-a3bb-aff8cb5cc722","上線前修正（程式碼審查）","dcdcdc1031@gmail.com",,"Bug, Security",,,,,"2026-09-25T03:14:44.259Z","2026-09-25T03:14:44.259Z",,,,,,,,"",,,,"9ffe96ff-0bd9-4f82-b3e6-f36b9811b124",3176,"PARTY-5, PARTY-3","",
"PARTY-6","舞會購票系統","Firebase 部署設定指向錯誤專案，functions 部署前步驟會失敗","## 問題

* `.firebaserc` 預設專案是 `cksc-merchandis`，但前端連的是 `cksc-ticket`（`src/boot/firebase.js:11`）→ `firebase deploy` 會把 rules 和 functions 部署到紀念品專案，其他 issue 的 rules 修正不會生效
* `firebase.json` 的 functions predeploy 執行 `npm run lint`，但 `functions/package.json` 沒有這個 script（已確認會出現 `Script not found ""lint""`）
* `functions/.eslintrc.js` 用 `module.exports`，和 `""type"": ""module""` 衝突；設定是 double quotes，程式碼用 single quotes

## 修法

* `.firebaserc` 改成 `cksc-ticket`（或加上 alias，部署時明確指定 `-P`）
* functions 補上 lint script 並把設定改成 `.eslintrc.cjs`，或先移除 predeploy
* 確認 `cksc-ticket` 目前實際生效的 rules 版本

## 驗收

* `firebase deploy --only firestore:rules,functions` 能成功部署到 cksc-ticket","Todo",,"Urgent","ca0a4084-c7e7-4b2c-a3bb-aff8cb5cc722","上線前修正（程式碼審查）","dcdcdc1031@gmail.com",,"Bug",,,,,"2026-09-25T03:14:10.756Z","2026-09-25T03:35:58.007Z",,,,,,,,"",,,,"176f604e-c7cf-407b-b56a-a6a8d3583d6c",3177,"PARTY-7, PARTY-1, PARTY-2, PARTY-13","",
"PARTY-27","舞會購票系統","常數重複定義，且學校清單的「保持同步」註解指向錯的檔案","**位置**：`src/data/schools.js:1`、`src/services/ticketTypeService.js:8`、`src/data/ticketTypes.js:1`、`src/utils/analytics.js`、`src/boot/analytics.js`

**問題**

* `src/data/schools.js` 寫著「Keep in sync with functions/lib/common.js」，但 `SCHOOL_CODES` 和 `CAMPUS_SCHOOLS` 其實在 `functions/lib/constants.js`
* `ELIGIBLE_IDENTITIES` 定義了三份（ticketTypeService、data/ticketTypes、functions/lib/constants）
* `trackEvent` 定義了兩份（boot/analytics.js 與 utils/analytics.js）
* 學校清單在 `data/schools.js` 和 `data/catalog.js` 各有一份

**影響**
更新學校清單的人照著註解改錯檔案，前後端清單就會不一致，`createOrder` 會拒絕表單上提供的學校（「請選擇學校或身分」）。

**建議修正**

* 前端只保留一份（`src/data`），其他地方改為 import
* 修正註解指向 `functions/lib/constants.js`
* 前後端無法共用程式碼的部分，加一個測試比對兩邊清單是否一致

相關：[PARTY-12](https://linear.app/cksc/issue/PARTY-12/清理紀念品系統遺留程式碼與-repo-雜項)（清理遺留程式碼）","Backlog",,"Low","ca0a4084-c7e7-4b2c-a3bb-aff8cb5cc722","上線前修正（程式碼審查）","dcdcdc1031@gmail.com",,"Improvement",,,,,"2026-09-27T02:46:31.524Z","2026-09-27T02:46:31.524Z",,,,,,,,"",,,,"94d33f0a-9040-4f53-b40f-d0ceff41e561",324,"PARTY-12","",
"PARTY-26","舞會購票系統","updatedBy 欄位在公開文件中洩漏工作人員姓名／email","**位置**：`src/services/ticketTypeService.js:21`、`src/pages/IntroManagementPage.vue:734`、`src/pages/PerformerManagementPage.vue:1288`、`src/pages/PerformerManagementPage.vue:1316`

**問題**
`auth.displayName` 在沒有 `name` 時會退回使用工作人員的 email。這個值被寫進 `settings/ticketTypes`、`partyStories`、`partyLineup` 的 `updatedBy`／`createdBy`，而這三個 collection 都是 `allow read: if true`。

**影響**
任何匿名訪客都能用 `getDoc` 讀到負責人的 Google email。

**建議修正**

* 改存 uid，或
* 把稽核欄位（updatedBy / createdBy）移到僅限工作人員讀取的 collection","Backlog",,"Low","ca0a4084-c7e7-4b2c-a3bb-aff8cb5cc722","上線前修正（程式碼審查）","dcdcdc1031@gmail.com",,"Security",,,,,"2026-09-27T02:46:29.081Z","2026-09-27T02:46:29.081Z",,,,,,,,"",,,,"9cd1f237-c6d5-44d2-aab6-c020f72433c0",324,"","",
"PARTY-25","舞會購票系統","確認信寄送失敗只寫 log，沒有重試也沒有補寄機制","**位置**：`functions/lib/orders.js:227-256`（`sendOrderQRCode` 的 try/catch）

**問題**
`sendOrderQRCode` 攔截所有寄信錯誤，只記錄 log，trigger 仍回傳成功，因此永遠不會重試。系統也沒有任何補寄功能。

**失敗情境**
開賣時每秒超過 14 筆訂單，超出 SES 發送速率。SDK 重試幾次後 `sendMail` 仍失敗，catch 記下 `[sendOrderQRCode] failed`。買家收不到 QR Code 信，工作人員也沒有介面可以補寄。

**建議修正**

* 在訂單上記錄 `emailStatus`（sent / failed）與錯誤原因
* 失敗時改為重新拋錯並開啟 trigger 的 retry，或放入 Cloud Tasks 佇列重試
* 在後台訂單列表加上「補寄確認信」按鈕，並可篩選寄送失敗的訂單","Backlog",,"Medium","ca0a4084-c7e7-4b2c-a3bb-aff8cb5cc722","上線前修正（程式碼審查）","dcdcdc1031@gmail.com",,"Bug",,,,,"2026-09-27T02:46:26.910Z","2026-09-27T02:46:26.910Z",,,,,,,,"",,,,"a9e7a30e-534e-41ed-a1ff-a4798fa7063f",325,"","",
"PARTY-24","舞會購票系統","開賣時間到了購買按鈕不會出現，必須重新整理頁面","**位置**：`src/pages/ProductPage.vue:158`（`status` computed）、`src/pages/ProductPage.vue:40`；`src/pages/HomePage.vue`（狀態標籤）

**問題**
票種狀態是呼叫 `new Date()` 的 `computed()`，但沒有任何會變動的響應式時間來源。它只在 `ticketTypes` 或路由改變時重新計算。

**失敗情境**
買家 11:59 停在 `/product/campus_ticket` 等 12:00 開賣。`status` 被快取為 `upcoming`，到了 12:00 頁面仍然空白；而且「尚未開賣」狀態沒有任何文字或按鈕（第 40 行只在 selling 時顯示按鈕）。買家只能自己猜要重新整理。HomePage 的狀態標籤也一樣過時。

**建議修正**

* 像 PerformerPage 一樣用一個定時更新的 `now` ref（例如每秒或每 10 秒），讓 status 依賴它
* 尚未開賣時顯示開賣時間或倒數","Backlog",,"Medium","ca0a4084-c7e7-4b2c-a3bb-aff8cb5cc722","上線前修正（程式碼審查）","dcdcdc1031@gmail.com",,"Bug",,,,,"2026-09-27T02:46:24.757Z","2026-09-27T02:46:24.757Z",,,,,,,,"",,,,"08d77da0-4140-4f54-bd95-d5cec0fce1f0",325,"","",
"PARTY-23","舞會購票系統","問卷分數沒有驗證，一份惡意回覆就能破壞後台統計","**位置**：`firestore.rules:178-179`、`src/pages/SurveyAdminPage.vue:430-434`

**問題**

* 規則只檢查 `scores is map` 且大小 ≤ 50，完全不檢查每個分數的型別或範圍
* `channels`、`issueTypes` 的元素也沒有檢查
* 後台平均值用 `if (v) { sum += v }` 直接加總任何 truthy 值

**失敗情境**
匿名使用者直接對 `surveyResponses` 執行 `addDoc`，`scores` 填 `{ q4: 1000000 }`（或字串 `'5'`），規則會接受。每位工作人員看到的「購票體驗」平均會變成約 150,000，或字串串接後的 NaN；而 `scoreDistribution` 會忽略這個值，導致圖表彼此矛盾。

**建議修正**

* 規則中驗證每個分數為 1～5 的整數（或限制 key 為 q4～q25）
* 前端平均值計算比照 `scoreDistribution`，只計入 1～5 的數值","Backlog",,"Medium","ca0a4084-c7e7-4b2c-a3bb-aff8cb5cc722","上線前修正（程式碼審查）","dcdcdc1031@gmail.com",,"Bug, Security",,,,,"2026-09-27T02:46:20.072Z","2026-09-27T02:46:20.072Z",,,,,,,,"",,,,"e0c10402-dd1e-4c26-9575-c18f78dbec44",325,"","",
"PARTY-22","舞會購票系統","通知信切換類型後，隱藏的自訂主旨仍會覆蓋繳費／取票通知主旨","**位置**：`src/pages/AdminPage.vue:558`、`src/pages/AdminPage.vue:158`（主旨輸入框只在 custom 顯示）、`functions/lib/notifications.js:119`

**問題**
`confirmSendNotify` 不論類型都會送出 `subject`，但主旨輸入框只在「自訂訊息」時顯示，而伺服器使用 `subject || NOTIFY_SUBJECTS[type]`。

**重現步驟**

1. 通知類型選「自訂訊息」，主旨輸入「舞會延期」
2. 切換到「繳費」，填好繳費時間與地點（預覽不會顯示主旨）
3. 按下確認發送
4. 所有買家收到的是主旨為「舞會延期」的繳費通知

**建議修正**
只在 `type === 'custom'` 時送出 `subject`，或在切換類型時清空主旨。","Backlog",,"Medium","ca0a4084-c7e7-4b2c-a3bb-aff8cb5cc722","上線前修正（程式碼審查）","dcdcdc1031@gmail.com",,"Bug",,,,,"2026-09-27T02:46:18.688Z","2026-09-27T02:46:18.688Z",,,,,,,,"",,,,"6a36f86a-236c-4eb8-a55b-db6c2e633ed2",325,"","",
"PARTY-21","舞會購票系統","新增演出項目時圖片上傳失敗會留下無圖項目，重試還會重複建立","**位置**：`src/pages/PerformerManagementPage.vue:1294-1346`（`saveItem`）

**問題**
新增項目時，`saveItem` 先用 `addDoc` 建立 Firestore 文件（`imageUrl: ''`），之後才上傳圖片。上傳失敗時只顯示 toast，文件留在線上，而且 `editingId` 仍是 `null`。

**失敗情境**

1. 管理員新增一個公開時間為「現在」的項目，選一張 6 MB 圖片
2. `uploadLineupImage` 失敗（逾時或圖片損壞）
3. 前台已出現一筆沒有圖片的藝人
4. 管理員再按一次儲存，又執行一次 `addDoc`，前台出現兩筆同一位藝人

**建議修正**

* 先產生文件 id（`doc(collection(...))`），先上傳圖片成功後再寫入文件
* 或在第一次 `addDoc` 後把 `editingId` 設為新 id，重試時改走更新
* 或上傳失敗時刪除剛建立的文件","Backlog",,"Medium","ca0a4084-c7e7-4b2c-a3bb-aff8cb5cc722","上線前修正（程式碼審查）","dcdcdc1031@gmail.com",,"Bug",,,,,"2026-09-27T02:46:15.939Z","2026-09-27T02:46:15.939Z",,,,,,,,"",,,,"f0eafc95-823e-4ad9-b66e-7cf4ba4dae79",325,"","",
"PARTY-20","舞會購票系統","所有訂單都爭用同一份每日流水號文件，開賣瞬間大量結帳會失敗","**位置**：`functions/lib/orders.js:36`（`orderCounters/{dateKey}`）、`functions/lib/orders.js:40-118`

**問題**
每筆訂單的 transaction 都要讀寫同一份 `orderCounters/{YYYYMMDD}`（再加上 `ticketSales/{type}`），所有結帳都會卡在這份熱點文件上排隊。

**失敗情境**
12:00 開賣時數百位買家同時送出。Admin SDK 的 transaction 會鎖住流水號文件，而且只重試幾次，所以許多請求會以 ABORTED 或競爭過多而失敗。`onCall` 把這些錯誤轉成 `internal`，ProductPage 即使還有票，也只顯示一般的「訂單送出失敗，請稍後再試」。

**建議修正**

* 訂單編號不要依賴共用流水號（例如日期＋隨機後綴，或分片計數器）
* 開賣期間替 `createOrder` 設定 `minInstances`，減少冷啟動
* 前端遇到 `aborted`／`internal` 時自動重試一次，並顯示較明確的訊息
* 開賣前用模擬器或壓力測試量測可承受的每秒訂單數","Backlog",,"Medium","ca0a4084-c7e7-4b2c-a3bb-aff8cb5cc722","上線前修正（程式碼審查）","dcdcdc1031@gmail.com",,"Bug",,,,,"2026-09-27T02:46:13.417Z","2026-09-27T02:46:13.417Z",,,,,,,,"",,,,"6bdb6f3c-72b2-4873-a181-6fc59ba47394",325,"","",
"PARTY-19","舞會購票系統","票券 QR Code 只含可猜測的流水號訂單編號，可被偽造","**位置**：`functions/lib/orders.js:80`（訂單編號格式）、`functions/lib/constants.js:38`、`src/utils/qrcode.js`

**問題**
QR Code 只編碼 `/admin/orders/{id}`，而訂單編號是 `{學校代碼}{YYYYMMDD}{4 位流水號}`，依序遞增、很容易猜。QR Code 本身沒有任何驗證資訊。

**攻擊情境**
攻擊者替 `https://tickets.cksc.tw/admin/orders/CKS202611050042` 產生 QR Code，在取票時出示。工作人員看到一筆有效訂單就按下「已領票」，攻擊者拿走別人的紙本票；至少也會讓真正的買家被當成已領過而被拒絕。

**建議修正**

* 在 QR 網址中加入無法猜測的 token（例如 `accessToken` 或以伺服器密鑰計算的 HMAC）
* OrderDetailPage 的管理員檢視需驗證這個 token，不符時明顯警示
* 取票時同時核對姓名／學生證","Backlog",,"High","ca0a4084-c7e7-4b2c-a3bb-aff8cb5cc722","上線前修正（程式碼審查）","dcdcdc1031@gmail.com",,"Security",,,,,"2026-09-27T02:46:11.823Z","2026-09-27T02:46:11.823Z",,,,,,,,"",,,,"6b8b92f1-99e9-440d-a9a6-45fc1c4762e5",325,"","",
"PARTY-18","舞會購票系統","新票種的票券總量預設為 0，而伺服器把 0 視為不限量","**位置**：`src/pages/ManagementPage.vue:318`（預設值）、`src/pages/ManagementPage.vue:546`（存檔）、`functions/lib/orderValidation.js:122-124`

**問題**

* 新票種的 `totalTicketQuantity` 預設為 0
* 存檔時是 `Number(...) || 0`，所以把欄位清空也會變成 0
* 伺服器只在 `total > 0` 時才檢查庫存，0 就等於不限量
* 管理介面「五、票券總量」完全沒有說明 0 代表不限量

**失敗情境**
超級管理員新增票種，設好名稱、票價和販售時段，沒動票券總量就存檔。這個票種會無上限販售，違反「不會超賣」的設計保證。

**建議修正**

* 預設改為空白，驗證時要求輸入正整數
* 若真的需要不限量，加一個明確的「不限量」開關（類似每人限購的「不限購」）","Backlog",,"High","ca0a4084-c7e7-4b2c-a3bb-aff8cb5cc722","上線前修正（程式碼審查）","dcdcdc1031@gmail.com",,"Bug",,,,,"2026-09-27T02:46:07.558Z","2026-09-27T02:46:07.558Z",,,,,,,,"",,,,"ee44c9d8-7d8c-478a-bb21-908517b267ed",325,"","",
"PARTY-17","舞會購票系統","通知信限流以「封數」計算，但 SES 以「收件人數」計算，大量寄送會被限流","**位置**：`functions/lib/notifications.js:19-21`、`functions/lib/notifications.js:110-122`

**問題**
`MAX_SENDS_PER_SECOND = 14` 限制的是每秒寄出的「信件數」，但每封信有 50 位收件人（To 加 49 位 BCC）。AWS 文件明確說明：「Sending quotas are based on recipients rather than on messages… an email that has 10 recipients counts as 10」。實際速度約為每秒 700 位收件人，是 14/s 額度的約 50 倍。

**失敗情境**

* 約 3000 位買家時，62 封信會在約 4.5 秒內寄出，SES 開始限流
* `sendMail` 在迴圈中途拋錯，callable 在部分批次已寄出後回傳錯誤
* 管理員看到「發送失敗」後重寄，前面已寄出的批次會收到重複信件
* 系統沒有記錄哪些批次已成功

**建議修正**

* 以收件人數計算間隔（例如每批之間等待 50 / 帳號速率 秒）
* 記錄每批寄送結果，失敗時可從中斷處續寄，避免重複
* 或改為每位收件人一封（AWS 建議作法），並用佇列（Cloud Tasks）控制速率

參考：[https://docs.aws.amazon.com/ses/latest/dg/manage-sending-quotas.html](<https://docs.aws.amazon.com/ses/latest/dg/manage-sending-quotas.html>)","Backlog",,"High","ca0a4084-c7e7-4b2c-a3bb-aff8cb5cc722","上線前修正（程式碼審查）","dcdcdc1031@gmail.com",,"Bug",,,,,"2026-09-27T02:46:05.435Z","2026-09-27T02:46:05.435Z",,,,,,,,"",,,,"0b92ffb0-1ee7-43fb-b0e0-d7d1e2b11842",325,"","",
"PARTY-16","舞會購票系統","排程中的演出陣容與舞會故事在公開時間前就能被讀取","**位置**：`firestore.rules:151`、`firestore.rules:156`；`src/pages/PerformerPage.vue:225`、`src/pages/IntroPage.vue:125`

**問題**
`partyStories` 和 `partyLineup` 都是 `allow read: if true`。IntroPage 與 PerformerPage 會抓取整個 collection，再在瀏覽器用 `isPublished()` 過濾，停用或尚未公開的項目只是「沒顯示」而已。PerformerPage 甚至把未公開項目留在記憶體裡，每 30 秒重新判斷。

舊規則（c779337 之前）其實完全不允許讀取這兩個 collection，這是新規則引入的曝光。

**影響**
任何人打開 devtools，或用公開的 Firebase 設定執行 `getDocs`，就能看到所有尚未公布的藝人、圖片網址與已停用的故事。

**建議修正**

* 把 `publishAt` 存成 Timestamp
* 規則改為：`resource.data.publishAt <= request.time && resource.data.enabled != false || isSuperAdmin()`
* 前端查詢加上對應的 `where()` 條件（否則 list 查詢會被規則拒絕）","Backlog",,"High","ca0a4084-c7e7-4b2c-a3bb-aff8cb5cc722","上線前修正（程式碼審查）","dcdcdc1031@gmail.com",,"Bug, Security",,,,,"2026-09-27T02:46:03.718Z","2026-09-27T02:46:03.718Z",,,,,,,,"",,,,"bbbd835a-3c48-405e-b263-7cc26a935dc8",325,"","",
"PARTY-15","舞會購票系統","任何人都能用腳本呼叫 createOrder 把庫存全部預訂光","**位置**：`functions/lib/orders.js:26`（`createOrder`）

**問題**
`createOrder` 是不需登入的 callable，沒有 App Check、沒有頻率限制，也不驗證 email。付款又是現場付現，預訂不需任何成本。每人限購以 email 雜湊計算，所以每個新 email 都算新買家。

**攻擊情境**

* 攻擊者用腳本迴圈呼叫 `createOrder`，學校填「建國中學」，email 用 `x+1@gmail.com`、`x+2@gmail.com`…
* 大約 600 次呼叫就能預訂完 1200 張校內票，真正的買家只會看到「剩餘票量不足」
* 每次呼叫都會寄出 SES 確認信；若用假地址，大量硬退信可能讓 SES 帳號被暫停，所有人都收不到信
* 工作人員只能逐筆刪單復原

**建議修正**（可擇一或組合）

* 啟用 Firebase App Check（reCAPTCHA Enterprise）並在 callable 強制檢查
* 依 IP 或裝置做頻率限制
* 先寄驗證信、確認 email 後才保留庫存
* 或改為要求登入（例如學校 Google 帳號）
* 為未付款訂單設定逾期自動釋放","Backlog",,"High","ca0a4084-c7e7-4b2c-a3bb-aff8cb5cc722","上線前修正（程式碼審查）","dcdcdc1031@gmail.com",,"Security",,,,,"2026-09-27T02:46:01.901Z","2026-09-27T02:46:01.901Z",,,,,,,,"",,,,"7bdccd24-26ca-4f96-9008-c42e1fb2a76c",325,"","",
"PARTY-14","舞會購票系統","Cloud Functions 使用的 Node.js 20 將於 10/30 除役，早於 11/5 開賣","**位置**：`firebase.json:13`（`""runtime"": ""nodejs20""`）、`functions/package.json:7`（`engines.node: ""20""`）

**問題**
依 Google Cloud Functions 執行環境支援表，Node.js 20 的除役日是 **2026-10-30**，比開賣日（`SHOP_OPEN_AT` 2026-11-05）早一週。除役後「無法再建立或更新使用該執行環境的工作負載」，且「仍使用已除役執行環境的工作負載可能會被停用」。

**影響**

* 開賣期間任何緊急修正執行 `firebase deploy --only functions` 都會被拒絕
* `createOrder`、`sendOrderQRCode` 可能在開賣中被停用

**建議修正**
把兩處都改成 Node.js 22（支援到 2027-10-31），並在 10/30 前重新部署與測試。

參考：[https://docs.cloud.google.com/functions/docs/runtime-support](<https://docs.cloud.google.com/functions/docs/runtime-support>)","Backlog",,"Urgent","ca0a4084-c7e7-4b2c-a3bb-aff8cb5cc722","上線前修正（程式碼審查）","dcdcdc1031@gmail.com",,"Bug",,,,,"2026-09-27T02:46:00.178Z","2026-09-27T02:46:00.178Z",,,,,,,,"",,,,"0de3ab58-30c4-4032-9756-77dc6a0bd1c7",325,"","",
"PARTY-12","舞會購票系統","清理紀念品系統遺留程式碼與 repo 雜項","非阻擋項目，可在 blocking 修完後處理。

## 死碼

* `src/services/orderService.js`：`generateOrderId`、`SCHOOL_IDENTITIES`（已移到伺服器）、`normalizeOrderPayload`（沒有做任何事）
* `src/services/ticketTypeService.js` 整個檔案沒被使用（見 [PARTY-4](https://linear.app/cksc/issue/PARTY-4/票種資料有四個來源且互相對不上購票流程無法成立)）
* `src/utils/pricing.js`：套餐和贈品邏輯（`comboDeals` 為空、`item.no === 7/8` 贈品）
* `ProductSized.vue`、`ProductMulti.vue`
* `quasar.config.js` 底部被註解掉的舊設定

## 小錯誤

* `updateOrderDelivery` / `updateOrderPayment` 回傳的 patch 含 `serverTimestamp()` sentinel，被併進本地 state → 重新整理前時間顯示空白
* `sendOrderNotification`：沒設 `SENDER_EMAIL` 時 `.trim()` 會讓函式崩潰
* `paymentNotificationTemplate.js:46`：自訂通知的預覽文字沒有 escape（只有管理員能觸發）

## Repo 整理

* 同時存在 `.pnp.cjs`、`.pnp.loader.mjs`、`yarn.lock`、`package-lock.json`，CI 用 `npm ci`；擇一套件管理工具
* `.firebase/`、`.idea/` 被 commit，應加入 `.gitignore`
* `agent/skills/` 和 `.agents/skills/` 是重複的 AI 工具設定
* Dockerfile 啟動的是 dev server
* 目前沒有任何測試；建議至少為 `createOrder` 和 firestore rules 加上 emulator 測試","Backlog",,"Low","ca0a4084-c7e7-4b2c-a3bb-aff8cb5cc722","上線前修正（程式碼審查）","dcdcdc1031@gmail.com",,"Improvement",,,,,"2026-09-25T03:14:49.786Z","2026-09-27T02:46:31.807Z",,,,,,,,"",,,,"468cd4dc-294c-4ad5-9b3c-6ebbc73146b8",3176,"PARTY-4, PARTY-27, PARTY-9","",
"PARTY-7","舞會購票系統","待啟用帳號（pendingUsers）的權限與管理錯誤","## 問題

**Rules：** `firestore.rules:137,146` 讓任何登入者都能讀取、刪除 `pendingUsers` → 可以列出所有工作人員的 email 和角色，也能刪掉別人的邀請。

**帳號管理頁：** `src/pages/AccountPage.vue` 的改角色、刪除和全部刪除，操作的都是 `users/{id}`，但待啟用帳號存在 `pendingUsers`：

* `applyRole`（L119）：對待啟用帳號會因文件不存在而失敗
* `deleteUser`（L136）：`deleteDoc` 對不存在的文件也會成功 → UI 顯示已刪除，但 pendingUsers 紀錄還在，**對方之後仍可登入開通**
* `deleteAllUsers`（L212）：同上；超過 500 筆會因 batch 上限失敗；會連其他 super_admin 一起刪除

## 修法

* pendingUsers：`read, write: if isSuperAdmin()`（開通流程移到 Cloud Function，見 [PARTY-1](https://linear.app/cksc/issue/PARTY-1/任何登入者都能把自己升成-super-admin)）
* AccountPage 依 `user.pending` 決定要操作 `users` 還是 `pendingUsers`
* 全部刪除時排除 super_admin，分批 commit（每批 ≤ 500）","Done",,"High","ca0a4084-c7e7-4b2c-a3bb-aff8cb5cc722","上線前修正（程式碼審查）","dcdcdc1031@gmail.com",,"Bug, Security",,,,,"2026-09-25T03:14:21.980Z","2026-09-26T16:04:32.048Z",,,"2026-09-26T16:04:32.032Z",,,,,"",,,,"1075728b-93cb-4932-8725-880c50b14057",966,"PARTY-1, PARTY-6","",
"PARTY-2","舞會購票系統","訂單集合公開可讀、可直接寫入（個資外洩＋寄信濫用）","## 問題

`firestore.rules:73` — `allow create, read: if true`

**讀取：** 任何人執行 `getDocs(collection(db, 'orders'))` 就能取得全部購票者的姓名、電話、Email、學校和班級。訂單編號是連號（如 `CKS202611050001`），就算只開放單筆 get，也能逐號猜出全部訂單。

**寫入：** 直接寫 Firestore 可繞過 `createOrder` 的所有驗證。寫入後會觸發 `sendOrderQRCode`，用我們的 SES 帳號、以「建國中學班聯會」名義寄信到任意地址 → 可被當成垃圾信或釣魚信的轉發站。

## 修法

* `allow create: if false;`（只允許 Cloud Function 以 Admin SDK 寫入）
* `allow read: if isManager();`
* 訪客查詢訂單改用 callable function，要求「訂單編號＋下單 Email」才回傳；或在訂單上加一個無法猜測的 token 放進 QR Code／連結
* `OrderDetailPage` / `fetchBuyerOrders` 改走上述 function

## 驗收

* 未登入狀態 list／get orders 被拒絕
* 未登入直接 addDoc 到 orders 被拒絕
* 訪客仍能從「我的訂單」看到自己的訂單","Done",,"Urgent","ca0a4084-c7e7-4b2c-a3bb-aff8cb5cc722","上線前修正（程式碼審查）","dcdcdc1031@gmail.com",,"Bug, Security",,,,,"2026-09-25T03:13:45.658Z","2026-09-26T16:04:30.432Z",,,"2026-09-26T16:04:30.411Z",,,,,"",,,,"302ad144-748a-4211-aa38-5714084e19ce",966,"PARTY-6","",
"PARTY-1","舞會購票系統","任何登入者都能把自己升成 super_admin","## 問題

`firestore.rules:95-101` 允許登入者建立自己的 `users/{uid}`，也允許本人更新，兩者都沒有限制欄位。

任何 Google 帳號登入後，在瀏覽器 console 執行：

```js
setDoc(doc(db, 'users', uid), { role: 'super_admin' })
```

就能取得全部後台權限（看所有訂單、改付款狀態、寄群發信、管理帳號）。

## 修法

* 本人建立或更新 `users/{uid}` 時禁止寫入 `role`：

  ```
  allow update: if (isOwner(userId)
      && !request.resource.data.diff(resource.data).affectedKeys().hasAny(['role']))
    || isSuperAdmin();
  allow create: if isSuperAdmin();
  ```
* 待啟用帳號的開通（`src/pages/AdminLoginPage.vue:42` `linkUserAccount`）改成 Cloud Function：伺服器比對 `context.auth.token.email` 與 `email_verified` 後，才用 Admin SDK 寫入角色並刪除 pendingUsers 紀錄。

## 驗收

* 用一般帳號在 console 寫入 `role` 會被拒絕
* 受邀帳號仍可正常開通","Done",,"Urgent","ca0a4084-c7e7-4b2c-a3bb-aff8cb5cc722","上線前修正（程式碼審查）","dcdcdc1031@gmail.com",,"Bug, Security",,,,,"2026-09-25T03:13:39.509Z","2026-09-26T16:04:28.937Z",,,"2026-09-26T16:04:28.916Z",,,,,"",,,,"bf6bcf22-94f1-479e-b154-bce6e7e140a4",966,"PARTY-6, PARTY-7","",
"PARTY-13","舞會購票系統","nodemailer 10 不支援 aws-sdk v2 的 SES 設定，所有信件都寄不出去","## 問題

`functions/index.js:217-220` 用 aws-sdk v2 建立 SES transport：

```js
const ses = new AWS.SES({ apiVersion: '2010-12-01', region })
return nodemailer.createTransport({ SES: { ses, aws: AWS } })
```

但 lockfile 鎖定的是 **nodemailer 10.0.10**。nodemailer 7.0.0 起移除了舊版 SES SDK 支援（CHANGELOG：「SESv2 SDK support, removed older SES SDK v2 and v3」），只接受 `@aws-sdk/client-sesv2`。

## 已確認

下載 lockfile 指定的 nodemailer 10.0.10 tarball（integrity hash 與 `package-lock.json` 相符），`dist/cjs/ses-transport/index.js:65`：

```js
if (!options || !options.SES || !options.SES.sesClient) {
    throw new Error('Missing SES configuration, expecting { sesClient, SendEmailCommand } from @aws-sdk/client-sesv2, ...')
}
```

我們傳入的是 `{ ses, aws }`，沒有 `sesClient` → `createTransport()` **本身就會丟錯**，連寄送都還沒開始。

## 影響

* `sendOrderQRCode`（L246）：錯誤被 `try/catch` 吃掉，只寫 log → **每張訂單都收不到含 QR Code 的確認信，而且不會有任何警示**
* `sendOrderNotification`（L494）：沒有 try/catch → 後台按「寄送通知」一律回傳 `internal` 錯誤

尚未在實際部署環境看 log 驗證；可到 Cloud Functions log 搜尋 `Missing SES configuration` 確認。

## 修法

```js
import { SESv2Client, SendEmailCommand } from '@aws-sdk/client-sesv2'

const sesClient = new SESv2Client({
  region,
  ...(accessKeyId && secretAccessKey
    ? { credentials: { accessKeyId, secretAccessKey } }
    : {})
})

return nodemailer.createTransport({ SES: { sesClient, SendEmailCommand } })
```

* `functions/package.json`：加 `@aws-sdk/client-sesv2`，移除 `aws-sdk`（v2 已停止維護）
* 確認寄件地址在 SES 已驗證，且帳號已脫離 sandbox

## 驗收

* 在 emulator 或 staging 建立訂單，收到含 QR Code 的確認信
* 後台寄送通知成功，不再回傳 `internal`","Done",,"Urgent","ca0a4084-c7e7-4b2c-a3bb-aff8cb5cc722","上線前修正（程式碼審查）","dcdcdc1031@gmail.com",,"Bug",,,,,"2026-09-25T03:35:57.694Z","2026-09-26T15:53:40.366Z",,,"2026-09-26T15:53:40.344Z",,,,,"",,,,"a96bfe76-5d41-4199-8f9a-5c45000ed16f",977,"PARTY-6","",
"PARTY-11","舞會購票系統","確認信時間顯示 UTC；建中老師的辦公室欄位沒有送出","## 1. 確認信時間是 UTC

`functions/emailTemplate.js:17` 的 `toLocaleString('zh-TW')` 沒有指定時區，Cloud Functions 執行環境是 UTC → 信中的訂單時間比台灣時間少 8 小時。

修法：`toLocaleString('zh-TW', { timeZone: 'Asia/Taipei' })`

## 2. 建中老師的辦公室欄位

`src/pages/CartPage.vue:117` 讓「建中老師」填辦公室，但：

* `checkout` 的初始值（L156）沒有 `office`
* 送出的資料（L190）沒有包含 `office` → 資料直接遺失
* `isSpecialSchool`（L189）沒有包含建中老師 → 會送出之前留下的班級和座號

修法：加入 `office` 欄位並送出；把建中老師納入不送班級和座號的判斷。收據、Excel 和確認信也要顯示辦公室。","Done",,"High","ca0a4084-c7e7-4b2c-a3bb-aff8cb5cc722","上線前修正（程式碼審查）","dcdcdc1031@gmail.com",,"Bug",,,,,"2026-09-25T03:14:47.038Z","2026-09-26T15:53:38.365Z",,,"2026-09-26T15:53:38.353Z",,,,,"",,,,"cd56a5bc-6b33-40d6-b800-795047a57f0d",977,"","",
"PARTY-8","舞會購票系統","友校幹部（manager）登入後被導到首頁，掃 QR Code 被擋","## 問題

* `src/pages/AdminLoginPage.vue:107`：manager 登入後預設跳到 `/scan`，但沒有這個路由 → catch-all 導回首頁
* Email 中的 QR Code 連到 `/admin/orders/:id`（`functions/index.js:249`），這條路由設定 `requiresAdmin`（`src/router/routes.js:87`）→ manager 在現場掃碼會被踢回 `/admin`
* `OrderDetailPage` 的 `isAdminView` 用的是 `isManager`，代表原本設計應該是讓 manager 能看、能改狀態，和路由設定矛盾

## 待決定

現場驗票和交貨由誰負責？若是 manager：

* 把 `admin-order-detail` 的 `requiresAdmin` 拿掉（rules 的 update 本來就允許 isManager）
* 登入後預設跳到 `/admin`，或補上 `/scan` 頁面

## 附帶：首次登入可能被彈出（尚未實測）

`authStore.init()` 只會執行一次。受邀帳號第一次登入時，`onAuthStateChanged` 讀 user 文件可能早於 `linkUserAccount` 寫入完成 → 沒有角色 → 被路由守衛導走。開通後應重新讀取 user 文件（例如在 auth store 加 `refresh()`）。","Done",,"High","ca0a4084-c7e7-4b2c-a3bb-aff8cb5cc722","上線前修正（程式碼審查）","dcdcdc1031@gmail.com",,"Bug",,,,,"2026-09-25T03:14:27.804Z","2026-09-26T15:53:35.567Z",,,"2026-09-26T15:53:35.547Z",,,,,"",,,,"9bf6065d-a731-4785-87a9-4e2b0954c9b9",977,"","",
"PARTY-5","舞會購票系統","超賣與限購有競態條件，且每筆訂單都掃描整個 orders","## 問題

`functions/index.js:162` 驗證總量與限購時，在 transaction 外把整個 `orders` 讀一遍再計算：

* **競態：** 開賣瞬間兩個同時送出的請求都會通過檢查 → 超賣、超過每人限購
* **效能／成本：** 每筆訂單都讀全部訂單。3000 筆以上時每次下單 3000+ 次讀取，開賣尖峰會很慢也很貴

## 修法

* 每個票種一個計數文件（例如 `ticketCounters/{ticketTypeId}`，存 sold）
* 每個 buyer 一個計數文件（key 用正規化後的 email，例如 `buyerCounters/{sha256(email)}`）
* 在同一個 `runTransaction` 中：讀計數 → 檢查 → 遞增計數 → 寫入訂單 → 遞增訂單序號
* 刪除訂單時對應扣回計數（或改成取消狀態而非刪除）

## 驗收

* 以腳本同時送出 N 筆請求，售出數量不超過設定總量","Done",,"Urgent","ca0a4084-c7e7-4b2c-a3bb-aff8cb5cc722","上線前修正（程式碼審查）","dcdcdc1031@gmail.com",,"Bug",,,,,"2026-09-25T03:14:05.707Z","2026-09-26T15:53:33.939Z",,,"2026-09-26T15:53:33.918Z",,,,,"",,,,"853d3f3a-402a-4262-bad0-0e7950d6832a",977,"PARTY-4, PARTY-10","",
"PARTY-4","舞會購票系統","票種資料有四個來源且互相對不上，購票流程無法成立","## 問題

依程式碼判斷（尚未在 staging 實測，請先驗證），四個環節讀寫的票種資料位置和 id 格式都不同：

| 環節 | 讀寫位置 | id 格式 |
| -- | -- | -- |
| 後台設定 `AdminPage.vue:164` | 寫 `settings/ticketTypes.types` | 隨機 UUID，**沒有 price 欄位** |
| 首頁、`ProductSimple.vue` | 讀 `settings/ticketTypes` | 同上 |
| `ProductPage.vue` → `catalog.js:9` | `productPageConfigs[id]` | `'1' / '2' / '3'` |
| `createOrder` `functions/index.js:87` | 讀 `ticketTypes` collection，沒有就用預設值 | `campus_ticket` 等 |

結果：

* 首頁點進票種 → ProductPage 顯示「找不到這個票種」
* 即使加入購物車，品項沒有 price → 總額為 `NaN`
* 伺服器回傳「無效的票種」
* 後台設定的販售時間、總量、限購，伺服器從來沒讀到（伺服器用預設值，販售時間為 null ＝ 永遠開賣）
* 後台時間存成無時區字串 `'YYYY-MM-DDTHH:mm'`，在 UTC 的 Cloud Functions 上解析會差 8 小時

另外 `src/services/ticketTypeService.js` 讀 `ticketTypes` collection，但 rules 沒開放，且整個檔案沒被使用。

## 修法

* 統一用 `settings/ticketTypes` 一份設定，四個地方都讀它
* 票種加入 `price`，id 固定（如 `campus_ticket`），後台不再產生 UUID
* 時間存成 Firestore Timestamp（或帶 `+08:00` 的 ISO 字串）
* ProductPage 改用票種 id 渲染，移除 `productPageConfigs`
* 刪除 `ticketTypeService.js`

## 驗收

* staging 上從首頁 → 票種頁 → 購物車 → 送出，能成功建立訂單且金額正確
* 後台修改販售時間／總量／限購後，伺服器會照新設定擋下訂單","Done",,"Urgent","ca0a4084-c7e7-4b2c-a3bb-aff8cb5cc722","上線前修正（程式碼審查）","dcdcdc1031@gmail.com",,"Bug",,,,,"2026-09-25T03:13:59.658Z","2026-09-26T15:53:30.575Z",,,"2026-09-26T15:53:30.562Z",,,,,"",,,,"dfda2c3c-d56e-40ab-86c6-e911594a3db8",977,"PARTY-3, PARTY-5, PARTY-12","",
"PARTY-3","舞會購票系統","createOrder 完全信任前端送來的金額與狀態","## 問題

`functions/index.js:643` 用 `...orderPayload` 把前端資料原封不動寫進資料庫。價格全部在前端計算（`src/utils/pricing.js`、`src/pages/CartPage.vue:190`）。

攻擊者可直接呼叫 callable 並送出：

* `finalTotal: 0`、`items[].price: 0`
* `prPackageUsed: true`、`isAdminOrder: true`
* `paid: true`、`delivered: true`

現場收據、Excel 匯出、班級收據都會照這些值顯示。

## 修法

* 只接受白名單欄位：items（ticketTypeId＋quantity）、customerName、customerEmail、customerPhone、school、class、number、office
* 單價由伺服器依票種設定取得，`originalTotal` / `finalTotal` 由伺服器計算
* `paid`、`delivered` 一律寫 `false`；`userId` 用 `context.auth?.uid`，不用前端傳的值
* 公關品訂單改成獨立的 admin-only callable（先 `assertIsAdmin`）
* 基本格式驗證：email 格式、字串長度上限

## 驗收

* 竄改 payload 的 price／finalTotal／paid 不會影響寫入結果","Done",,"Urgent","ca0a4084-c7e7-4b2c-a3bb-aff8cb5cc722","上線前修正（程式碼審查）","dcdcdc1031@gmail.com",,"Bug, Security",,,,,"2026-09-25T03:13:51.475Z","2026-09-26T15:53:28.686Z",,,"2026-09-26T15:53:28.670Z",,,,,"",,,,"0a83bc2c-d8f5-409d-89a2-fdd5b802100e",977,"PARTY-4, PARTY-10","",